"","outcome","player","year"
"1","Hit","Derek Jeter","1995"
"1.1","Hit","Derek Jeter","1995"
"1.2","Hit","Derek Jeter","1995"
"1.3","Hit","Derek Jeter","1995"
"1.4","Hit","Derek Jeter","1995"
"1.5","Hit","Derek Jeter","1995"
"1.6","Hit","Derek Jeter","1995"
"1.7","Hit","Derek Jeter","1995"
"1.8","Hit","Derek Jeter","1995"
"1.9","Hit","Derek Jeter","1995"
"1.10","Hit","Derek Jeter","1995"
"1.11","Hit","Derek Jeter","1995"
"2","Hit","Derek Jeter","1996"
"2.1","Hit","Derek Jeter","1996"
"2.2","Hit","Derek Jeter","1996"
"2.3","Hit","Derek Jeter","1996"
"2.4","Hit","Derek Jeter","1996"
"2.5","Hit","Derek Jeter","1996"
"2.6","Hit","Derek Jeter","1996"
"2.7","Hit","Derek Jeter","1996"
"2.8","Hit","Derek Jeter","1996"
"2.9","Hit","Derek Jeter","1996"
"2.10","Hit","Derek Jeter","1996"
"2.11","Hit","Derek Jeter","1996"
"2.12","Hit","Derek Jeter","1996"
"2.13","Hit","Derek Jeter","1996"
"2.14","Hit","Derek Jeter","1996"
"2.15","Hit","Derek Jeter","1996"
"2.16","Hit","Derek Jeter","1996"
"2.17","Hit","Derek Jeter","1996"
"2.18","Hit","Derek Jeter","1996"
"2.19","Hit","Derek Jeter","1996"
"2.20","Hit","Derek Jeter","1996"
"2.21","Hit","Derek Jeter","1996"
"2.22","Hit","Derek Jeter","1996"
"2.23","Hit","Derek Jeter","1996"
"2.24","Hit","Derek Jeter","1996"
"2.25","Hit","Derek Jeter","1996"
"2.26","Hit","Derek Jeter","1996"
"2.27","Hit","Derek Jeter","1996"
"2.28","Hit","Derek Jeter","1996"
"2.29","Hit","Derek Jeter","1996"
"2.30","Hit","Derek Jeter","1996"
"2.31","Hit","Derek Jeter","1996"
"2.32","Hit","Derek Jeter","1996"
"2.33","Hit","Derek Jeter","1996"
"2.34","Hit","Derek Jeter","1996"
"2.35","Hit","Derek Jeter","1996"
"2.36","Hit","Derek Jeter","1996"
"2.37","Hit","Derek Jeter","1996"
"2.38","Hit","Derek Jeter","1996"
"2.39","Hit","Derek Jeter","1996"
"2.40","Hit","Derek Jeter","1996"
"2.41","Hit","Derek Jeter","1996"
"2.42","Hit","Derek Jeter","1996"
"2.43","Hit","Derek Jeter","1996"
"2.44","Hit","Derek Jeter","1996"
"2.45","Hit","Derek Jeter","1996"
"2.46","Hit","Derek Jeter","1996"
"2.47","Hit","Derek Jeter","1996"
"2.48","Hit","Derek Jeter","1996"
"2.49","Hit","Derek Jeter","1996"
"2.50","Hit","Derek Jeter","1996"
"2.51","Hit","Derek Jeter","1996"
"2.52","Hit","Derek Jeter","1996"
"2.53","Hit","Derek Jeter","1996"
"2.54","Hit","Derek Jeter","1996"
"2.55","Hit","Derek Jeter","1996"
"2.56","Hit","Derek Jeter","1996"
"2.57","Hit","Derek Jeter","1996"
"2.58","Hit","Derek Jeter","1996"
"2.59","Hit","Derek Jeter","1996"
"2.60","Hit","Derek Jeter","1996"
"2.61","Hit","Derek Jeter","1996"
"2.62","Hit","Derek Jeter","1996"
"2.63","Hit","Derek Jeter","1996"
"2.64","Hit","Derek Jeter","1996"
"2.65","Hit","Derek Jeter","1996"
"2.66","Hit","Derek Jeter","1996"
"2.67","Hit","Derek Jeter","1996"
"2.68","Hit","Derek Jeter","1996"
"2.69","Hit","Derek Jeter","1996"
"2.70","Hit","Derek Jeter","1996"
"2.71","Hit","Derek Jeter","1996"
"2.72","Hit","Derek Jeter","1996"
"2.73","Hit","Derek Jeter","1996"
"2.74","Hit","Derek Jeter","1996"
"2.75","Hit","Derek Jeter","1996"
"2.76","Hit","Derek Jeter","1996"
"2.77","Hit","Derek Jeter","1996"
"2.78","Hit","Derek Jeter","1996"
"2.79","Hit","Derek Jeter","1996"
"2.80","Hit","Derek Jeter","1996"
"2.81","Hit","Derek Jeter","1996"
"2.82","Hit","Derek Jeter","1996"
"2.83","Hit","Derek Jeter","1996"
"2.84","Hit","Derek Jeter","1996"
"2.85","Hit","Derek Jeter","1996"
"2.86","Hit","Derek Jeter","1996"
"2.87","Hit","Derek Jeter","1996"
"2.88","Hit","Derek Jeter","1996"
"2.89","Hit","Derek Jeter","1996"
"2.90","Hit","Derek Jeter","1996"
"2.91","Hit","Derek Jeter","1996"
"2.92","Hit","Derek Jeter","1996"
"2.93","Hit","Derek Jeter","1996"
"2.94","Hit","Derek Jeter","1996"
"2.95","Hit","Derek Jeter","1996"
"2.96","Hit","Derek Jeter","1996"
"2.97","Hit","Derek Jeter","1996"
"2.98","Hit","Derek Jeter","1996"
"2.99","Hit","Derek Jeter","1996"
"2.100","Hit","Derek Jeter","1996"
"2.101","Hit","Derek Jeter","1996"
"2.102","Hit","Derek Jeter","1996"
"2.103","Hit","Derek Jeter","1996"
"2.104","Hit","Derek Jeter","1996"
"2.105","Hit","Derek Jeter","1996"
"2.106","Hit","Derek Jeter","1996"
"2.107","Hit","Derek Jeter","1996"
"2.108","Hit","Derek Jeter","1996"
"2.109","Hit","Derek Jeter","1996"
"2.110","Hit","Derek Jeter","1996"
"2.111","Hit","Derek Jeter","1996"
"2.112","Hit","Derek Jeter","1996"
"2.113","Hit","Derek Jeter","1996"
"2.114","Hit","Derek Jeter","1996"
"2.115","Hit","Derek Jeter","1996"
"2.116","Hit","Derek Jeter","1996"
"2.117","Hit","Derek Jeter","1996"
"2.118","Hit","Derek Jeter","1996"
"2.119","Hit","Derek Jeter","1996"
"2.120","Hit","Derek Jeter","1996"
"2.121","Hit","Derek Jeter","1996"
"2.122","Hit","Derek Jeter","1996"
"2.123","Hit","Derek Jeter","1996"
"2.124","Hit","Derek Jeter","1996"
"2.125","Hit","Derek Jeter","1996"
"2.126","Hit","Derek Jeter","1996"
"2.127","Hit","Derek Jeter","1996"
"2.128","Hit","Derek Jeter","1996"
"2.129","Hit","Derek Jeter","1996"
"2.130","Hit","Derek Jeter","1996"
"2.131","Hit","Derek Jeter","1996"
"2.132","Hit","Derek Jeter","1996"
"2.133","Hit","Derek Jeter","1996"
"2.134","Hit","Derek Jeter","1996"
"2.135","Hit","Derek Jeter","1996"
"2.136","Hit","Derek Jeter","1996"
"2.137","Hit","Derek Jeter","1996"
"2.138","Hit","Derek Jeter","1996"
"2.139","Hit","Derek Jeter","1996"
"2.140","Hit","Derek Jeter","1996"
"2.141","Hit","Derek Jeter","1996"
"2.142","Hit","Derek Jeter","1996"
"2.143","Hit","Derek Jeter","1996"
"2.144","Hit","Derek Jeter","1996"
"2.145","Hit","Derek Jeter","1996"
"2.146","Hit","Derek Jeter","1996"
"2.147","Hit","Derek Jeter","1996"
"2.148","Hit","Derek Jeter","1996"
"2.149","Hit","Derek Jeter","1996"
"2.150","Hit","Derek Jeter","1996"
"2.151","Hit","Derek Jeter","1996"
"2.152","Hit","Derek Jeter","1996"
"2.153","Hit","Derek Jeter","1996"
"2.154","Hit","Derek Jeter","1996"
"2.155","Hit","Derek Jeter","1996"
"2.156","Hit","Derek Jeter","1996"
"2.157","Hit","Derek Jeter","1996"
"2.158","Hit","Derek Jeter","1996"
"2.159","Hit","Derek Jeter","1996"
"2.160","Hit","Derek Jeter","1996"
"2.161","Hit","Derek Jeter","1996"
"2.162","Hit","Derek Jeter","1996"
"2.163","Hit","Derek Jeter","1996"
"2.164","Hit","Derek Jeter","1996"
"2.165","Hit","Derek Jeter","1996"
"2.166","Hit","Derek Jeter","1996"
"2.167","Hit","Derek Jeter","1996"
"2.168","Hit","Derek Jeter","1996"
"2.169","Hit","Derek Jeter","1996"
"2.170","Hit","Derek Jeter","1996"
"2.171","Hit","Derek Jeter","1996"
"2.172","Hit","Derek Jeter","1996"
"2.173","Hit","Derek Jeter","1996"
"2.174","Hit","Derek Jeter","1996"
"2.175","Hit","Derek Jeter","1996"
"2.176","Hit","Derek Jeter","1996"
"2.177","Hit","Derek Jeter","1996"
"2.178","Hit","Derek Jeter","1996"
"2.179","Hit","Derek Jeter","1996"
"2.180","Hit","Derek Jeter","1996"
"2.181","Hit","Derek Jeter","1996"
"2.182","Hit","Derek Jeter","1996"
"3","Out","Derek Jeter","1995"
"3.1","Out","Derek Jeter","1995"
"3.2","Out","Derek Jeter","1995"
"3.3","Out","Derek Jeter","1995"
"3.4","Out","Derek Jeter","1995"
"3.5","Out","Derek Jeter","1995"
"3.6","Out","Derek Jeter","1995"
"3.7","Out","Derek Jeter","1995"
"3.8","Out","Derek Jeter","1995"
"3.9","Out","Derek Jeter","1995"
"3.10","Out","Derek Jeter","1995"
"3.11","Out","Derek Jeter","1995"
"3.12","Out","Derek Jeter","1995"
"3.13","Out","Derek Jeter","1995"
"3.14","Out","Derek Jeter","1995"
"3.15","Out","Derek Jeter","1995"
"3.16","Out","Derek Jeter","1995"
"3.17","Out","Derek Jeter","1995"
"3.18","Out","Derek Jeter","1995"
"3.19","Out","Derek Jeter","1995"
"3.20","Out","Derek Jeter","1995"
"3.21","Out","Derek Jeter","1995"
"3.22","Out","Derek Jeter","1995"
"3.23","Out","Derek Jeter","1995"
"3.24","Out","Derek Jeter","1995"
"3.25","Out","Derek Jeter","1995"
"3.26","Out","Derek Jeter","1995"
"3.27","Out","Derek Jeter","1995"
"3.28","Out","Derek Jeter","1995"
"3.29","Out","Derek Jeter","1995"
"3.30","Out","Derek Jeter","1995"
"3.31","Out","Derek Jeter","1995"
"3.32","Out","Derek Jeter","1995"
"3.33","Out","Derek Jeter","1995"
"3.34","Out","Derek Jeter","1995"
"3.35","Out","Derek Jeter","1995"
"4","Out","Derek Jeter","1996"
"4.1","Out","Derek Jeter","1996"
"4.2","Out","Derek Jeter","1996"
"4.3","Out","Derek Jeter","1996"
"4.4","Out","Derek Jeter","1996"
"4.5","Out","Derek Jeter","1996"
"4.6","Out","Derek Jeter","1996"
"4.7","Out","Derek Jeter","1996"
"4.8","Out","Derek Jeter","1996"
"4.9","Out","Derek Jeter","1996"
"4.10","Out","Derek Jeter","1996"
"4.11","Out","Derek Jeter","1996"
"4.12","Out","Derek Jeter","1996"
"4.13","Out","Derek Jeter","1996"
"4.14","Out","Derek Jeter","1996"
"4.15","Out","Derek Jeter","1996"
"4.16","Out","Derek Jeter","1996"
"4.17","Out","Derek Jeter","1996"
"4.18","Out","Derek Jeter","1996"
"4.19","Out","Derek Jeter","1996"
"4.20","Out","Derek Jeter","1996"
"4.21","Out","Derek Jeter","1996"
"4.22","Out","Derek Jeter","1996"
"4.23","Out","Derek Jeter","1996"
"4.24","Out","Derek Jeter","1996"
"4.25","Out","Derek Jeter","1996"
"4.26","Out","Derek Jeter","1996"
"4.27","Out","Derek Jeter","1996"
"4.28","Out","Derek Jeter","1996"
"4.29","Out","Derek Jeter","1996"
"4.30","Out","Derek Jeter","1996"
"4.31","Out","Derek Jeter","1996"
"4.32","Out","Derek Jeter","1996"
"4.33","Out","Derek Jeter","1996"
"4.34","Out","Derek Jeter","1996"
"4.35","Out","Derek Jeter","1996"
"4.36","Out","Derek Jeter","1996"
"4.37","Out","Derek Jeter","1996"
"4.38","Out","Derek Jeter","1996"
"4.39","Out","Derek Jeter","1996"
"4.40","Out","Derek Jeter","1996"
"4.41","Out","Derek Jeter","1996"
"4.42","Out","Derek Jeter","1996"
"4.43","Out","Derek Jeter","1996"
"4.44","Out","Derek Jeter","1996"
"4.45","Out","Derek Jeter","1996"
"4.46","Out","Derek Jeter","1996"
"4.47","Out","Derek Jeter","1996"
"4.48","Out","Derek Jeter","1996"
"4.49","Out","Derek Jeter","1996"
"4.50","Out","Derek Jeter","1996"
"4.51","Out","Derek Jeter","1996"
"4.52","Out","Derek Jeter","1996"
"4.53","Out","Derek Jeter","1996"
"4.54","Out","Derek Jeter","1996"
"4.55","Out","Derek Jeter","1996"
"4.56","Out","Derek Jeter","1996"
"4.57","Out","Derek Jeter","1996"
"4.58","Out","Derek Jeter","1996"
"4.59","Out","Derek Jeter","1996"
"4.60","Out","Derek Jeter","1996"
"4.61","Out","Derek Jeter","1996"
"4.62","Out","Derek Jeter","1996"
"4.63","Out","Derek Jeter","1996"
"4.64","Out","Derek Jeter","1996"
"4.65","Out","Derek Jeter","1996"
"4.66","Out","Derek Jeter","1996"
"4.67","Out","Derek Jeter","1996"
"4.68","Out","Derek Jeter","1996"
"4.69","Out","Derek Jeter","1996"
"4.70","Out","Derek Jeter","1996"
"4.71","Out","Derek Jeter","1996"
"4.72","Out","Derek Jeter","1996"
"4.73","Out","Derek Jeter","1996"
"4.74","Out","Derek Jeter","1996"
"4.75","Out","Derek Jeter","1996"
"4.76","Out","Derek Jeter","1996"
"4.77","Out","Derek Jeter","1996"
"4.78","Out","Derek Jeter","1996"
"4.79","Out","Derek Jeter","1996"
"4.80","Out","Derek Jeter","1996"
"4.81","Out","Derek Jeter","1996"
"4.82","Out","Derek Jeter","1996"
"4.83","Out","Derek Jeter","1996"
"4.84","Out","Derek Jeter","1996"
"4.85","Out","Derek Jeter","1996"
"4.86","Out","Derek Jeter","1996"
"4.87","Out","Derek Jeter","1996"
"4.88","Out","Derek Jeter","1996"
"4.89","Out","Derek Jeter","1996"
"4.90","Out","Derek Jeter","1996"
"4.91","Out","Derek Jeter","1996"
"4.92","Out","Derek Jeter","1996"
"4.93","Out","Derek Jeter","1996"
"4.94","Out","Derek Jeter","1996"
"4.95","Out","Derek Jeter","1996"
"4.96","Out","Derek Jeter","1996"
"4.97","Out","Derek Jeter","1996"
"4.98","Out","Derek Jeter","1996"
"4.99","Out","Derek Jeter","1996"
"4.100","Out","Derek Jeter","1996"
"4.101","Out","Derek Jeter","1996"
"4.102","Out","Derek Jeter","1996"
"4.103","Out","Derek Jeter","1996"
"4.104","Out","Derek Jeter","1996"
"4.105","Out","Derek Jeter","1996"
"4.106","Out","Derek Jeter","1996"
"4.107","Out","Derek Jeter","1996"
"4.108","Out","Derek Jeter","1996"
"4.109","Out","Derek Jeter","1996"
"4.110","Out","Derek Jeter","1996"
"4.111","Out","Derek Jeter","1996"
"4.112","Out","Derek Jeter","1996"
"4.113","Out","Derek Jeter","1996"
"4.114","Out","Derek Jeter","1996"
"4.115","Out","Derek Jeter","1996"
"4.116","Out","Derek Jeter","1996"
"4.117","Out","Derek Jeter","1996"
"4.118","Out","Derek Jeter","1996"
"4.119","Out","Derek Jeter","1996"
"4.120","Out","Derek Jeter","1996"
"4.121","Out","Derek Jeter","1996"
"4.122","Out","Derek Jeter","1996"
"4.123","Out","Derek Jeter","1996"
"4.124","Out","Derek Jeter","1996"
"4.125","Out","Derek Jeter","1996"
"4.126","Out","Derek Jeter","1996"
"4.127","Out","Derek Jeter","1996"
"4.128","Out","Derek Jeter","1996"
"4.129","Out","Derek Jeter","1996"
"4.130","Out","Derek Jeter","1996"
"4.131","Out","Derek Jeter","1996"
"4.132","Out","Derek Jeter","1996"
"4.133","Out","Derek Jeter","1996"
"4.134","Out","Derek Jeter","1996"
"4.135","Out","Derek Jeter","1996"
"4.136","Out","Derek Jeter","1996"
"4.137","Out","Derek Jeter","1996"
"4.138","Out","Derek Jeter","1996"
"4.139","Out","Derek Jeter","1996"
"4.140","Out","Derek Jeter","1996"
"4.141","Out","Derek Jeter","1996"
"4.142","Out","Derek Jeter","1996"
"4.143","Out","Derek Jeter","1996"
"4.144","Out","Derek Jeter","1996"
"4.145","Out","Derek Jeter","1996"
"4.146","Out","Derek Jeter","1996"
"4.147","Out","Derek Jeter","1996"
"4.148","Out","Derek Jeter","1996"
"4.149","Out","Derek Jeter","1996"
"4.150","Out","Derek Jeter","1996"
"4.151","Out","Derek Jeter","1996"
"4.152","Out","Derek Jeter","1996"
"4.153","Out","Derek Jeter","1996"
"4.154","Out","Derek Jeter","1996"
"4.155","Out","Derek Jeter","1996"
"4.156","Out","Derek Jeter","1996"
"4.157","Out","Derek Jeter","1996"
"4.158","Out","Derek Jeter","1996"
"4.159","Out","Derek Jeter","1996"
"4.160","Out","Derek Jeter","1996"
"4.161","Out","Derek Jeter","1996"
"4.162","Out","Derek Jeter","1996"
"4.163","Out","Derek Jeter","1996"
"4.164","Out","Derek Jeter","1996"
"4.165","Out","Derek Jeter","1996"
"4.166","Out","Derek Jeter","1996"
"4.167","Out","Derek Jeter","1996"
"4.168","Out","Derek Jeter","1996"
"4.169","Out","Derek Jeter","1996"
"4.170","Out","Derek Jeter","1996"
"4.171","Out","Derek Jeter","1996"
"4.172","Out","Derek Jeter","1996"
"4.173","Out","Derek Jeter","1996"
"4.174","Out","Derek Jeter","1996"
"4.175","Out","Derek Jeter","1996"
"4.176","Out","Derek Jeter","1996"
"4.177","Out","Derek Jeter","1996"
"4.178","Out","Derek Jeter","1996"
"4.179","Out","Derek Jeter","1996"
"4.180","Out","Derek Jeter","1996"
"4.181","Out","Derek Jeter","1996"
"4.182","Out","Derek Jeter","1996"
"4.183","Out","Derek Jeter","1996"
"4.184","Out","Derek Jeter","1996"
"4.185","Out","Derek Jeter","1996"
"4.186","Out","Derek Jeter","1996"
"4.187","Out","Derek Jeter","1996"
"4.188","Out","Derek Jeter","1996"
"4.189","Out","Derek Jeter","1996"
"4.190","Out","Derek Jeter","1996"
"4.191","Out","Derek Jeter","1996"
"4.192","Out","Derek Jeter","1996"
"4.193","Out","Derek Jeter","1996"
"4.194","Out","Derek Jeter","1996"
"4.195","Out","Derek Jeter","1996"
"4.196","Out","Derek Jeter","1996"
"4.197","Out","Derek Jeter","1996"
"4.198","Out","Derek Jeter","1996"
"4.199","Out","Derek Jeter","1996"
"4.200","Out","Derek Jeter","1996"
"4.201","Out","Derek Jeter","1996"
"4.202","Out","Derek Jeter","1996"
"4.203","Out","Derek Jeter","1996"
"4.204","Out","Derek Jeter","1996"
"4.205","Out","Derek Jeter","1996"
"4.206","Out","Derek Jeter","1996"
"4.207","Out","Derek Jeter","1996"
"4.208","Out","Derek Jeter","1996"
"4.209","Out","Derek Jeter","1996"
"4.210","Out","Derek Jeter","1996"
"4.211","Out","Derek Jeter","1996"
"4.212","Out","Derek Jeter","1996"
"4.213","Out","Derek Jeter","1996"
"4.214","Out","Derek Jeter","1996"
"4.215","Out","Derek Jeter","1996"
"4.216","Out","Derek Jeter","1996"
"4.217","Out","Derek Jeter","1996"
"4.218","Out","Derek Jeter","1996"
"4.219","Out","Derek Jeter","1996"
"4.220","Out","Derek Jeter","1996"
"4.221","Out","Derek Jeter","1996"
"4.222","Out","Derek Jeter","1996"
"4.223","Out","Derek Jeter","1996"
"4.224","Out","Derek Jeter","1996"
"4.225","Out","Derek Jeter","1996"
"4.226","Out","Derek Jeter","1996"
"4.227","Out","Derek Jeter","1996"
"4.228","Out","Derek Jeter","1996"
"4.229","Out","Derek Jeter","1996"
"4.230","Out","Derek Jeter","1996"
"4.231","Out","Derek Jeter","1996"
"4.232","Out","Derek Jeter","1996"
"4.233","Out","Derek Jeter","1996"
"4.234","Out","Derek Jeter","1996"
"4.235","Out","Derek Jeter","1996"
"4.236","Out","Derek Jeter","1996"
"4.237","Out","Derek Jeter","1996"
"4.238","Out","Derek Jeter","1996"
"4.239","Out","Derek Jeter","1996"
"4.240","Out","Derek Jeter","1996"
"4.241","Out","Derek Jeter","1996"
"4.242","Out","Derek Jeter","1996"
"4.243","Out","Derek Jeter","1996"
"4.244","Out","Derek Jeter","1996"
"4.245","Out","Derek Jeter","1996"
"4.246","Out","Derek Jeter","1996"
"4.247","Out","Derek Jeter","1996"
"4.248","Out","Derek Jeter","1996"
"4.249","Out","Derek Jeter","1996"
"4.250","Out","Derek Jeter","1996"
"4.251","Out","Derek Jeter","1996"
"4.252","Out","Derek Jeter","1996"
"4.253","Out","Derek Jeter","1996"
"4.254","Out","Derek Jeter","1996"
"4.255","Out","Derek Jeter","1996"
"4.256","Out","Derek Jeter","1996"
"4.257","Out","Derek Jeter","1996"
"4.258","Out","Derek Jeter","1996"
"4.259","Out","Derek Jeter","1996"
"4.260","Out","Derek Jeter","1996"
"4.261","Out","Derek Jeter","1996"
"4.262","Out","Derek Jeter","1996"
"4.263","Out","Derek Jeter","1996"
"4.264","Out","Derek Jeter","1996"
"4.265","Out","Derek Jeter","1996"
"4.266","Out","Derek Jeter","1996"
"4.267","Out","Derek Jeter","1996"
"4.268","Out","Derek Jeter","1996"
"4.269","Out","Derek Jeter","1996"
"4.270","Out","Derek Jeter","1996"
"4.271","Out","Derek Jeter","1996"
"4.272","Out","Derek Jeter","1996"
"4.273","Out","Derek Jeter","1996"
"4.274","Out","Derek Jeter","1996"
"4.275","Out","Derek Jeter","1996"
"4.276","Out","Derek Jeter","1996"
"4.277","Out","Derek Jeter","1996"
"4.278","Out","Derek Jeter","1996"
"4.279","Out","Derek Jeter","1996"
"4.280","Out","Derek Jeter","1996"
"4.281","Out","Derek Jeter","1996"
"4.282","Out","Derek Jeter","1996"
"4.283","Out","Derek Jeter","1996"
"4.284","Out","Derek Jeter","1996"
"4.285","Out","Derek Jeter","1996"
"4.286","Out","Derek Jeter","1996"
"4.287","Out","Derek Jeter","1996"
"4.288","Out","Derek Jeter","1996"
"4.289","Out","Derek Jeter","1996"
"4.290","Out","Derek Jeter","1996"
"4.291","Out","Derek Jeter","1996"
"4.292","Out","Derek Jeter","1996"
"4.293","Out","Derek Jeter","1996"
"4.294","Out","Derek Jeter","1996"
"4.295","Out","Derek Jeter","1996"
"4.296","Out","Derek Jeter","1996"
"4.297","Out","Derek Jeter","1996"
"4.298","Out","Derek Jeter","1996"
"4.299","Out","Derek Jeter","1996"
"4.300","Out","Derek Jeter","1996"
"4.301","Out","Derek Jeter","1996"
"4.302","Out","Derek Jeter","1996"
"4.303","Out","Derek Jeter","1996"
"4.304","Out","Derek Jeter","1996"
"4.305","Out","Derek Jeter","1996"
"4.306","Out","Derek Jeter","1996"
"4.307","Out","Derek Jeter","1996"
"4.308","Out","Derek Jeter","1996"
"4.309","Out","Derek Jeter","1996"
"4.310","Out","Derek Jeter","1996"
"4.311","Out","Derek Jeter","1996"
"4.312","Out","Derek Jeter","1996"
"4.313","Out","Derek Jeter","1996"
"4.314","Out","Derek Jeter","1996"
"4.315","Out","Derek Jeter","1996"
"4.316","Out","Derek Jeter","1996"
"4.317","Out","Derek Jeter","1996"
"4.318","Out","Derek Jeter","1996"
"4.319","Out","Derek Jeter","1996"
"4.320","Out","Derek Jeter","1996"
"4.321","Out","Derek Jeter","1996"
"4.322","Out","Derek Jeter","1996"
"4.323","Out","Derek Jeter","1996"
"4.324","Out","Derek Jeter","1996"
"4.325","Out","Derek Jeter","1996"
"4.326","Out","Derek Jeter","1996"
"4.327","Out","Derek Jeter","1996"
"4.328","Out","Derek Jeter","1996"
"4.329","Out","Derek Jeter","1996"
"4.330","Out","Derek Jeter","1996"
"4.331","Out","Derek Jeter","1996"
"4.332","Out","Derek Jeter","1996"
"4.333","Out","Derek Jeter","1996"
"4.334","Out","Derek Jeter","1996"
"4.335","Out","Derek Jeter","1996"
"4.336","Out","Derek Jeter","1996"
"4.337","Out","Derek Jeter","1996"
"4.338","Out","Derek Jeter","1996"
"4.339","Out","Derek Jeter","1996"
"4.340","Out","Derek Jeter","1996"
"4.341","Out","Derek Jeter","1996"
"4.342","Out","Derek Jeter","1996"
"4.343","Out","Derek Jeter","1996"
"4.344","Out","Derek Jeter","1996"
"4.345","Out","Derek Jeter","1996"
"4.346","Out","Derek Jeter","1996"
"4.347","Out","Derek Jeter","1996"
"4.348","Out","Derek Jeter","1996"
"4.349","Out","Derek Jeter","1996"
"4.350","Out","Derek Jeter","1996"
"4.351","Out","Derek Jeter","1996"
"4.352","Out","Derek Jeter","1996"
"4.353","Out","Derek Jeter","1996"
"4.354","Out","Derek Jeter","1996"
"4.355","Out","Derek Jeter","1996"
"4.356","Out","Derek Jeter","1996"
"4.357","Out","Derek Jeter","1996"
"4.358","Out","Derek Jeter","1996"
"4.359","Out","Derek Jeter","1996"
"4.360","Out","Derek Jeter","1996"
"4.361","Out","Derek Jeter","1996"
"4.362","Out","Derek Jeter","1996"
"4.363","Out","Derek Jeter","1996"
"4.364","Out","Derek Jeter","1996"
"4.365","Out","Derek Jeter","1996"
"4.366","Out","Derek Jeter","1996"
"4.367","Out","Derek Jeter","1996"
"4.368","Out","Derek Jeter","1996"
"4.369","Out","Derek Jeter","1996"
"4.370","Out","Derek Jeter","1996"
"4.371","Out","Derek Jeter","1996"
"4.372","Out","Derek Jeter","1996"
"4.373","Out","Derek Jeter","1996"
"4.374","Out","Derek Jeter","1996"
"4.375","Out","Derek Jeter","1996"
"4.376","Out","Derek Jeter","1996"
"4.377","Out","Derek Jeter","1996"
"4.378","Out","Derek Jeter","1996"
"4.379","Out","Derek Jeter","1996"
"4.380","Out","Derek Jeter","1996"
"4.381","Out","Derek Jeter","1996"
"4.382","Out","Derek Jeter","1996"
"4.383","Out","Derek Jeter","1996"
"4.384","Out","Derek Jeter","1996"
"4.385","Out","Derek Jeter","1996"
"4.386","Out","Derek Jeter","1996"
"4.387","Out","Derek Jeter","1996"
"4.388","Out","Derek Jeter","1996"
"4.389","Out","Derek Jeter","1996"
"4.390","Out","Derek Jeter","1996"
"4.391","Out","Derek Jeter","1996"
"4.392","Out","Derek Jeter","1996"
"4.393","Out","Derek Jeter","1996"
"4.394","Out","Derek Jeter","1996"
"4.395","Out","Derek Jeter","1996"
"4.396","Out","Derek Jeter","1996"
"4.397","Out","Derek Jeter","1996"
"4.398","Out","Derek Jeter","1996"
"5","Hit","David Justice","1995"
"5.1","Hit","David Justice","1995"
"5.2","Hit","David Justice","1995"
"5.3","Hit","David Justice","1995"
"5.4","Hit","David Justice","1995"
"5.5","Hit","David Justice","1995"
"5.6","Hit","David Justice","1995"
"5.7","Hit","David Justice","1995"
"5.8","Hit","David Justice","1995"
"5.9","Hit","David Justice","1995"
"5.10","Hit","David Justice","1995"
"5.11","Hit","David Justice","1995"
"5.12","Hit","David Justice","1995"
"5.13","Hit","David Justice","1995"
"5.14","Hit","David Justice","1995"
"5.15","Hit","David Justice","1995"
"5.16","Hit","David Justice","1995"
"5.17","Hit","David Justice","1995"
"5.18","Hit","David Justice","1995"
"5.19","Hit","David Justice","1995"
"5.20","Hit","David Justice","1995"
"5.21","Hit","David Justice","1995"
"5.22","Hit","David Justice","1995"
"5.23","Hit","David Justice","1995"
"5.24","Hit","David Justice","1995"
"5.25","Hit","David Justice","1995"
"5.26","Hit","David Justice","1995"
"5.27","Hit","David Justice","1995"
"5.28","Hit","David Justice","1995"
"5.29","Hit","David Justice","1995"
"5.30","Hit","David Justice","1995"
"5.31","Hit","David Justice","1995"
"5.32","Hit","David Justice","1995"
"5.33","Hit","David Justice","1995"
"5.34","Hit","David Justice","1995"
"5.35","Hit","David Justice","1995"
"5.36","Hit","David Justice","1995"
"5.37","Hit","David Justice","1995"
"5.38","Hit","David Justice","1995"
"5.39","Hit","David Justice","1995"
"5.40","Hit","David Justice","1995"
"5.41","Hit","David Justice","1995"
"5.42","Hit","David Justice","1995"
"5.43","Hit","David Justice","1995"
"5.44","Hit","David Justice","1995"
"5.45","Hit","David Justice","1995"
"5.46","Hit","David Justice","1995"
"5.47","Hit","David Justice","1995"
"5.48","Hit","David Justice","1995"
"5.49","Hit","David Justice","1995"
"5.50","Hit","David Justice","1995"
"5.51","Hit","David Justice","1995"
"5.52","Hit","David Justice","1995"
"5.53","Hit","David Justice","1995"
"5.54","Hit","David Justice","1995"
"5.55","Hit","David Justice","1995"
"5.56","Hit","David Justice","1995"
"5.57","Hit","David Justice","1995"
"5.58","Hit","David Justice","1995"
"5.59","Hit","David Justice","1995"
"5.60","Hit","David Justice","1995"
"5.61","Hit","David Justice","1995"
"5.62","Hit","David Justice","1995"
"5.63","Hit","David Justice","1995"
"5.64","Hit","David Justice","1995"
"5.65","Hit","David Justice","1995"
"5.66","Hit","David Justice","1995"
"5.67","Hit","David Justice","1995"
"5.68","Hit","David Justice","1995"
"5.69","Hit","David Justice","1995"
"5.70","Hit","David Justice","1995"
"5.71","Hit","David Justice","1995"
"5.72","Hit","David Justice","1995"
"5.73","Hit","David Justice","1995"
"5.74","Hit","David Justice","1995"
"5.75","Hit","David Justice","1995"
"5.76","Hit","David Justice","1995"
"5.77","Hit","David Justice","1995"
"5.78","Hit","David Justice","1995"
"5.79","Hit","David Justice","1995"
"5.80","Hit","David Justice","1995"
"5.81","Hit","David Justice","1995"
"5.82","Hit","David Justice","1995"
"5.83","Hit","David Justice","1995"
"5.84","Hit","David Justice","1995"
"5.85","Hit","David Justice","1995"
"5.86","Hit","David Justice","1995"
"5.87","Hit","David Justice","1995"
"5.88","Hit","David Justice","1995"
"5.89","Hit","David Justice","1995"
"5.90","Hit","David Justice","1995"
"5.91","Hit","David Justice","1995"
"5.92","Hit","David Justice","1995"
"5.93","Hit","David Justice","1995"
"5.94","Hit","David Justice","1995"
"5.95","Hit","David Justice","1995"
"5.96","Hit","David Justice","1995"
"5.97","Hit","David Justice","1995"
"5.98","Hit","David Justice","1995"
"5.99","Hit","David Justice","1995"
"5.100","Hit","David Justice","1995"
"5.101","Hit","David Justice","1995"
"5.102","Hit","David Justice","1995"
"5.103","Hit","David Justice","1995"
"6","Hit","David Justice","1996"
"6.1","Hit","David Justice","1996"
"6.2","Hit","David Justice","1996"
"6.3","Hit","David Justice","1996"
"6.4","Hit","David Justice","1996"
"6.5","Hit","David Justice","1996"
"6.6","Hit","David Justice","1996"
"6.7","Hit","David Justice","1996"
"6.8","Hit","David Justice","1996"
"6.9","Hit","David Justice","1996"
"6.10","Hit","David Justice","1996"
"6.11","Hit","David Justice","1996"
"6.12","Hit","David Justice","1996"
"6.13","Hit","David Justice","1996"
"6.14","Hit","David Justice","1996"
"6.15","Hit","David Justice","1996"
"6.16","Hit","David Justice","1996"
"6.17","Hit","David Justice","1996"
"6.18","Hit","David Justice","1996"
"6.19","Hit","David Justice","1996"
"6.20","Hit","David Justice","1996"
"6.21","Hit","David Justice","1996"
"6.22","Hit","David Justice","1996"
"6.23","Hit","David Justice","1996"
"6.24","Hit","David Justice","1996"
"6.25","Hit","David Justice","1996"
"6.26","Hit","David Justice","1996"
"6.27","Hit","David Justice","1996"
"6.28","Hit","David Justice","1996"
"6.29","Hit","David Justice","1996"
"6.30","Hit","David Justice","1996"
"6.31","Hit","David Justice","1996"
"6.32","Hit","David Justice","1996"
"6.33","Hit","David Justice","1996"
"6.34","Hit","David Justice","1996"
"6.35","Hit","David Justice","1996"
"6.36","Hit","David Justice","1996"
"6.37","Hit","David Justice","1996"
"6.38","Hit","David Justice","1996"
"6.39","Hit","David Justice","1996"
"6.40","Hit","David Justice","1996"
"6.41","Hit","David Justice","1996"
"6.42","Hit","David Justice","1996"
"6.43","Hit","David Justice","1996"
"6.44","Hit","David Justice","1996"
"7","Out","David Justice","1995"
"7.1","Out","David Justice","1995"
"7.2","Out","David Justice","1995"
"7.3","Out","David Justice","1995"
"7.4","Out","David Justice","1995"
"7.5","Out","David Justice","1995"
"7.6","Out","David Justice","1995"
"7.7","Out","David Justice","1995"
"7.8","Out","David Justice","1995"
"7.9","Out","David Justice","1995"
"7.10","Out","David Justice","1995"
"7.11","Out","David Justice","1995"
"7.12","Out","David Justice","1995"
"7.13","Out","David Justice","1995"
"7.14","Out","David Justice","1995"
"7.15","Out","David Justice","1995"
"7.16","Out","David Justice","1995"
"7.17","Out","David Justice","1995"
"7.18","Out","David Justice","1995"
"7.19","Out","David Justice","1995"
"7.20","Out","David Justice","1995"
"7.21","Out","David Justice","1995"
"7.22","Out","David Justice","1995"
"7.23","Out","David Justice","1995"
"7.24","Out","David Justice","1995"
"7.25","Out","David Justice","1995"
"7.26","Out","David Justice","1995"
"7.27","Out","David Justice","1995"
"7.28","Out","David Justice","1995"
"7.29","Out","David Justice","1995"
"7.30","Out","David Justice","1995"
"7.31","Out","David Justice","1995"
"7.32","Out","David Justice","1995"
"7.33","Out","David Justice","1995"
"7.34","Out","David Justice","1995"
"7.35","Out","David Justice","1995"
"7.36","Out","David Justice","1995"
"7.37","Out","David Justice","1995"
"7.38","Out","David Justice","1995"
"7.39","Out","David Justice","1995"
"7.40","Out","David Justice","1995"
"7.41","Out","David Justice","1995"
"7.42","Out","David Justice","1995"
"7.43","Out","David Justice","1995"
"7.44","Out","David Justice","1995"
"7.45","Out","David Justice","1995"
"7.46","Out","David Justice","1995"
"7.47","Out","David Justice","1995"
"7.48","Out","David Justice","1995"
"7.49","Out","David Justice","1995"
"7.50","Out","David Justice","1995"
"7.51","Out","David Justice","1995"
"7.52","Out","David Justice","1995"
"7.53","Out","David Justice","1995"
"7.54","Out","David Justice","1995"
"7.55","Out","David Justice","1995"
"7.56","Out","David Justice","1995"
"7.57","Out","David Justice","1995"
"7.58","Out","David Justice","1995"
"7.59","Out","David Justice","1995"
"7.60","Out","David Justice","1995"
"7.61","Out","David Justice","1995"
"7.62","Out","David Justice","1995"
"7.63","Out","David Justice","1995"
"7.64","Out","David Justice","1995"
"7.65","Out","David Justice","1995"
"7.66","Out","David Justice","1995"
"7.67","Out","David Justice","1995"
"7.68","Out","David Justice","1995"
"7.69","Out","David Justice","1995"
"7.70","Out","David Justice","1995"
"7.71","Out","David Justice","1995"
"7.72","Out","David Justice","1995"
"7.73","Out","David Justice","1995"
"7.74","Out","David Justice","1995"
"7.75","Out","David Justice","1995"
"7.76","Out","David Justice","1995"
"7.77","Out","David Justice","1995"
"7.78","Out","David Justice","1995"
"7.79","Out","David Justice","1995"
"7.80","Out","David Justice","1995"
"7.81","Out","David Justice","1995"
"7.82","Out","David Justice","1995"
"7.83","Out","David Justice","1995"
"7.84","Out","David Justice","1995"
"7.85","Out","David Justice","1995"
"7.86","Out","David Justice","1995"
"7.87","Out","David Justice","1995"
"7.88","Out","David Justice","1995"
"7.89","Out","David Justice","1995"
"7.90","Out","David Justice","1995"
"7.91","Out","David Justice","1995"
"7.92","Out","David Justice","1995"
"7.93","Out","David Justice","1995"
"7.94","Out","David Justice","1995"
"7.95","Out","David Justice","1995"
"7.96","Out","David Justice","1995"
"7.97","Out","David Justice","1995"
"7.98","Out","David Justice","1995"
"7.99","Out","David Justice","1995"
"7.100","Out","David Justice","1995"
"7.101","Out","David Justice","1995"
"7.102","Out","David Justice","1995"
"7.103","Out","David Justice","1995"
"7.104","Out","David Justice","1995"
"7.105","Out","David Justice","1995"
"7.106","Out","David Justice","1995"
"7.107","Out","David Justice","1995"
"7.108","Out","David Justice","1995"
"7.109","Out","David Justice","1995"
"7.110","Out","David Justice","1995"
"7.111","Out","David Justice","1995"
"7.112","Out","David Justice","1995"
"7.113","Out","David Justice","1995"
"7.114","Out","David Justice","1995"
"7.115","Out","David Justice","1995"
"7.116","Out","David Justice","1995"
"7.117","Out","David Justice","1995"
"7.118","Out","David Justice","1995"
"7.119","Out","David Justice","1995"
"7.120","Out","David Justice","1995"
"7.121","Out","David Justice","1995"
"7.122","Out","David Justice","1995"
"7.123","Out","David Justice","1995"
"7.124","Out","David Justice","1995"
"7.125","Out","David Justice","1995"
"7.126","Out","David Justice","1995"
"7.127","Out","David Justice","1995"
"7.128","Out","David Justice","1995"
"7.129","Out","David Justice","1995"
"7.130","Out","David Justice","1995"
"7.131","Out","David Justice","1995"
"7.132","Out","David Justice","1995"
"7.133","Out","David Justice","1995"
"7.134","Out","David Justice","1995"
"7.135","Out","David Justice","1995"
"7.136","Out","David Justice","1995"
"7.137","Out","David Justice","1995"
"7.138","Out","David Justice","1995"
"7.139","Out","David Justice","1995"
"7.140","Out","David Justice","1995"
"7.141","Out","David Justice","1995"
"7.142","Out","David Justice","1995"
"7.143","Out","David Justice","1995"
"7.144","Out","David Justice","1995"
"7.145","Out","David Justice","1995"
"7.146","Out","David Justice","1995"
"7.147","Out","David Justice","1995"
"7.148","Out","David Justice","1995"
"7.149","Out","David Justice","1995"
"7.150","Out","David Justice","1995"
"7.151","Out","David Justice","1995"
"7.152","Out","David Justice","1995"
"7.153","Out","David Justice","1995"
"7.154","Out","David Justice","1995"
"7.155","Out","David Justice","1995"
"7.156","Out","David Justice","1995"
"7.157","Out","David Justice","1995"
"7.158","Out","David Justice","1995"
"7.159","Out","David Justice","1995"
"7.160","Out","David Justice","1995"
"7.161","Out","David Justice","1995"
"7.162","Out","David Justice","1995"
"7.163","Out","David Justice","1995"
"7.164","Out","David Justice","1995"
"7.165","Out","David Justice","1995"
"7.166","Out","David Justice","1995"
"7.167","Out","David Justice","1995"
"7.168","Out","David Justice","1995"
"7.169","Out","David Justice","1995"
"7.170","Out","David Justice","1995"
"7.171","Out","David Justice","1995"
"7.172","Out","David Justice","1995"
"7.173","Out","David Justice","1995"
"7.174","Out","David Justice","1995"
"7.175","Out","David Justice","1995"
"7.176","Out","David Justice","1995"
"7.177","Out","David Justice","1995"
"7.178","Out","David Justice","1995"
"7.179","Out","David Justice","1995"
"7.180","Out","David Justice","1995"
"7.181","Out","David Justice","1995"
"7.182","Out","David Justice","1995"
"7.183","Out","David Justice","1995"
"7.184","Out","David Justice","1995"
"7.185","Out","David Justice","1995"
"7.186","Out","David Justice","1995"
"7.187","Out","David Justice","1995"
"7.188","Out","David Justice","1995"
"7.189","Out","David Justice","1995"
"7.190","Out","David Justice","1995"
"7.191","Out","David Justice","1995"
"7.192","Out","David Justice","1995"
"7.193","Out","David Justice","1995"
"7.194","Out","David Justice","1995"
"7.195","Out","David Justice","1995"
"7.196","Out","David Justice","1995"
"7.197","Out","David Justice","1995"
"7.198","Out","David Justice","1995"
"7.199","Out","David Justice","1995"
"7.200","Out","David Justice","1995"
"7.201","Out","David Justice","1995"
"7.202","Out","David Justice","1995"
"7.203","Out","David Justice","1995"
"7.204","Out","David Justice","1995"
"7.205","Out","David Justice","1995"
"7.206","Out","David Justice","1995"
"7.207","Out","David Justice","1995"
"7.208","Out","David Justice","1995"
"7.209","Out","David Justice","1995"
"7.210","Out","David Justice","1995"
"7.211","Out","David Justice","1995"
"7.212","Out","David Justice","1995"
"7.213","Out","David Justice","1995"
"7.214","Out","David Justice","1995"
"7.215","Out","David Justice","1995"
"7.216","Out","David Justice","1995"
"7.217","Out","David Justice","1995"
"7.218","Out","David Justice","1995"
"7.219","Out","David Justice","1995"
"7.220","Out","David Justice","1995"
"7.221","Out","David Justice","1995"
"7.222","Out","David Justice","1995"
"7.223","Out","David Justice","1995"
"7.224","Out","David Justice","1995"
"7.225","Out","David Justice","1995"
"7.226","Out","David Justice","1995"
"7.227","Out","David Justice","1995"
"7.228","Out","David Justice","1995"
"7.229","Out","David Justice","1995"
"7.230","Out","David Justice","1995"
"7.231","Out","David Justice","1995"
"7.232","Out","David Justice","1995"
"7.233","Out","David Justice","1995"
"7.234","Out","David Justice","1995"
"7.235","Out","David Justice","1995"
"7.236","Out","David Justice","1995"
"7.237","Out","David Justice","1995"
"7.238","Out","David Justice","1995"
"7.239","Out","David Justice","1995"
"7.240","Out","David Justice","1995"
"7.241","Out","David Justice","1995"
"7.242","Out","David Justice","1995"
"7.243","Out","David Justice","1995"
"7.244","Out","David Justice","1995"
"7.245","Out","David Justice","1995"
"7.246","Out","David Justice","1995"
"7.247","Out","David Justice","1995"
"7.248","Out","David Justice","1995"
"7.249","Out","David Justice","1995"
"7.250","Out","David Justice","1995"
"7.251","Out","David Justice","1995"
"7.252","Out","David Justice","1995"
"7.253","Out","David Justice","1995"
"7.254","Out","David Justice","1995"
"7.255","Out","David Justice","1995"
"7.256","Out","David Justice","1995"
"7.257","Out","David Justice","1995"
"7.258","Out","David Justice","1995"
"7.259","Out","David Justice","1995"
"7.260","Out","David Justice","1995"
"7.261","Out","David Justice","1995"
"7.262","Out","David Justice","1995"
"7.263","Out","David Justice","1995"
"7.264","Out","David Justice","1995"
"7.265","Out","David Justice","1995"
"7.266","Out","David Justice","1995"
"7.267","Out","David Justice","1995"
"7.268","Out","David Justice","1995"
"7.269","Out","David Justice","1995"
"7.270","Out","David Justice","1995"
"7.271","Out","David Justice","1995"
"7.272","Out","David Justice","1995"
"7.273","Out","David Justice","1995"
"7.274","Out","David Justice","1995"
"7.275","Out","David Justice","1995"
"7.276","Out","David Justice","1995"
"7.277","Out","David Justice","1995"
"7.278","Out","David Justice","1995"
"7.279","Out","David Justice","1995"
"7.280","Out","David Justice","1995"
"7.281","Out","David Justice","1995"
"7.282","Out","David Justice","1995"
"7.283","Out","David Justice","1995"
"7.284","Out","David Justice","1995"
"7.285","Out","David Justice","1995"
"7.286","Out","David Justice","1995"
"7.287","Out","David Justice","1995"
"7.288","Out","David Justice","1995"
"7.289","Out","David Justice","1995"
"7.290","Out","David Justice","1995"
"7.291","Out","David Justice","1995"
"7.292","Out","David Justice","1995"
"7.293","Out","David Justice","1995"
"7.294","Out","David Justice","1995"
"7.295","Out","David Justice","1995"
"7.296","Out","David Justice","1995"
"7.297","Out","David Justice","1995"
"7.298","Out","David Justice","1995"
"7.299","Out","David Justice","1995"
"7.300","Out","David Justice","1995"
"7.301","Out","David Justice","1995"
"7.302","Out","David Justice","1995"
"7.303","Out","David Justice","1995"
"7.304","Out","David Justice","1995"
"7.305","Out","David Justice","1995"
"7.306","Out","David Justice","1995"
"8","Out","David Justice","1996"
"8.1","Out","David Justice","1996"
"8.2","Out","David Justice","1996"
"8.3","Out","David Justice","1996"
"8.4","Out","David Justice","1996"
"8.5","Out","David Justice","1996"
"8.6","Out","David Justice","1996"
"8.7","Out","David Justice","1996"
"8.8","Out","David Justice","1996"
"8.9","Out","David Justice","1996"
"8.10","Out","David Justice","1996"
"8.11","Out","David Justice","1996"
"8.12","Out","David Justice","1996"
"8.13","Out","David Justice","1996"
"8.14","Out","David Justice","1996"
"8.15","Out","David Justice","1996"
"8.16","Out","David Justice","1996"
"8.17","Out","David Justice","1996"
"8.18","Out","David Justice","1996"
"8.19","Out","David Justice","1996"
"8.20","Out","David Justice","1996"
"8.21","Out","David Justice","1996"
"8.22","Out","David Justice","1996"
"8.23","Out","David Justice","1996"
"8.24","Out","David Justice","1996"
"8.25","Out","David Justice","1996"
"8.26","Out","David Justice","1996"
"8.27","Out","David Justice","1996"
"8.28","Out","David Justice","1996"
"8.29","Out","David Justice","1996"
"8.30","Out","David Justice","1996"
"8.31","Out","David Justice","1996"
"8.32","Out","David Justice","1996"
"8.33","Out","David Justice","1996"
"8.34","Out","David Justice","1996"
"8.35","Out","David Justice","1996"
"8.36","Out","David Justice","1996"
"8.37","Out","David Justice","1996"
"8.38","Out","David Justice","1996"
"8.39","Out","David Justice","1996"
"8.40","Out","David Justice","1996"
"8.41","Out","David Justice","1996"
"8.42","Out","David Justice","1996"
"8.43","Out","David Justice","1996"
"8.44","Out","David Justice","1996"
"8.45","Out","David Justice","1996"
"8.46","Out","David Justice","1996"
"8.47","Out","David Justice","1996"
"8.48","Out","David Justice","1996"
"8.49","Out","David Justice","1996"
"8.50","Out","David Justice","1996"
"8.51","Out","David Justice","1996"
"8.52","Out","David Justice","1996"
"8.53","Out","David Justice","1996"
"8.54","Out","David Justice","1996"
"8.55","Out","David Justice","1996"
"8.56","Out","David Justice","1996"
"8.57","Out","David Justice","1996"
"8.58","Out","David Justice","1996"
"8.59","Out","David Justice","1996"
"8.60","Out","David Justice","1996"
"8.61","Out","David Justice","1996"
"8.62","Out","David Justice","1996"
"8.63","Out","David Justice","1996"
"8.64","Out","David Justice","1996"
"8.65","Out","David Justice","1996"
"8.66","Out","David Justice","1996"
"8.67","Out","David Justice","1996"
"8.68","Out","David Justice","1996"
"8.69","Out","David Justice","1996"
"8.70","Out","David Justice","1996"
"8.71","Out","David Justice","1996"
"8.72","Out","David Justice","1996"
"8.73","Out","David Justice","1996"
"8.74","Out","David Justice","1996"
"8.75","Out","David Justice","1996"
"8.76","Out","David Justice","1996"
"8.77","Out","David Justice","1996"
"8.78","Out","David Justice","1996"
"8.79","Out","David Justice","1996"
"8.80","Out","David Justice","1996"
"8.81","Out","David Justice","1996"
"8.82","Out","David Justice","1996"
"8.83","Out","David Justice","1996"
"8.84","Out","David Justice","1996"
"8.85","Out","David Justice","1996"
"8.86","Out","David Justice","1996"
"8.87","Out","David Justice","1996"
"8.88","Out","David Justice","1996"
"8.89","Out","David Justice","1996"
"8.90","Out","David Justice","1996"
"8.91","Out","David Justice","1996"
"8.92","Out","David Justice","1996"
"8.93","Out","David Justice","1996"
"8.94","Out","David Justice","1996"
